text,username,location,len
"RT @djnicholl: Show us proof that Johnson is following science, MPs urge 

https://t.co/aN9ofVaQBV",horatioharry,"Dereham, Norfolk",98
Why people think 5G responsible for coronavirus https://t.co/jloVJuO0G0 via @YouTube,Nerdstudiosja1,"SAN JOSE, CA",84
"Yesterday I was walking along a pier of the #Amsterdam Oude Houthaven when an angry houseboat resident invited me leave as ""they don't like walkers due to the #coronavirus"" WTF...",umbertourso,Amsterdam,179
RT @WyeLea: The coronavirus crisis must not be allowed to delay Brexit https://t.co/4n6mip2MVg,trickyd90556041,"Islington, London",94
"#N4P #C4XD #IQAI 
Coronavirus: Moderna‚Äôs US vaccine first trials show immune response https://t.co/2vy25EMqEY",smallcappick,United Kingdom,109
"@HeshmatAlavi China knew what they were doing as soon as President Trump signed those papers. China will fulfill their deal as long as no pandemic happens. TWO days later &amp; here is Coronavirus knocking at our doors! Sue them, I say.",oneilbrenda65,"Las Vegas, NV",236
"RT @jonworth: Even by Brexit standards, England‚Äôs handling of its Coronavirus response is inept",VeniceLaura,"UK / Venice, Italy",95
"RT @ClimateReality: 'We‚Äôre running out of time to flatten the curve ‚Äî for climate change'   
https://t.co/9bUJzYygKZ",TPSpencer88,"Limerick, Ireland & Bristol",116
HSE encourages ‚Äòsocial bubble‚Äô https://t.co/0oIkLBSzi7,msnireland,Ireland,54
"RT @BBCScotlandNews: Four residents die at an Aberdeenshire care home after contracting #coronavirus
https://t.co/Jrk4d4a2uq",Fionasstalker,Aberdeen,124
"We have begun the dreaded third quarter of isolation, when ‚Äî yes ‚Äî things get weird https://t.co/rv0R2sO9z1",CmtyActionMarin,"San Rafael, CA",107
RT @fatnerdsloveme: the coronavirus wipes out all the men in the valley...just a thought,fatnerdsloveme,"Coachella, CA",88
"RT @BBCScotlandNews: Four residents die at an Aberdeenshire care home after contracting #coronavirus
https://t.co/Jrk4d4a2uq",kenkenzobanks,"Aberdeen, Scotland",124
RT @LisaBaumann: BREAKING (AP): Judge tosses out Oregon's coronavirus restrictions,SwedeUSPatriot,Northern Europe.,82
"RT @prempanicker: @Aaabshar Yeah I saw this, thanks. Was my point actually. No one ever saw these:

https://t.co/1jwattFFP2",ashrarrrrrr01,Faani,123
RT @AJENews: Top tennis stars pitch in for Pakistan coronavirus relief efforts https://t.co/lvWG1oVXvj https://t.co/BwBm11lgeO,mfnid,Indonesia üáÆüá©,126
"RT @Pumpkinz16: No government could have been completely ready for the pandemic, but taking the public for fools has destroyed all trust‚Ä¶",KrisGibson13,Somerset UK,137
RT @washingtonpost: Opinion: Trump is using the coronavirus as a cover to abuse his authority https://t.co/BM331nIelg,BrendaPriddy,BrendaPriddyAndCompany.com,117
"Plotting stringency of measures and confirmed COVID-19 cases per capita (10.000) clearly shows the difference between countries
https://t.co/A4AdS35P53
https://t.co/6JTZPDYnPt https://t.co/V6EL6qba6h",Meyerink,The Netherlands,199
RT @CRTejada: Poor Countries Borrowed Billions from China. They Can‚Äôt Pay It Back. https://t.co/PE9ryLqYqn,CakSchalker,"Kota Surabaya, Jawa Timur",106
"@politicalmath Right you are. If Ohio had been as creative with its numbers as georgia, pulling dates out of sequence so it could show a downward trend of Coronaviruses, it too could be a model! https://t.co/yQyDxQeBOb https://t.co/BhHU9U6bIj",WillettsMagazi1,"Paris, France",242
RT @Independent: Ricky Gervais wants celebrities banned from New Year‚Äôs Honours list in favour of NHS workers https://t.co/Pl8ZGqWtzX,alan_ludlow,Upminster,133
"Meeting up with people might spread the virus. Total shockerü§™
https://t.co/Bm6eIDYDva",Ediscoverycloud,Crete ‚Ä¢ Paris ‚Ä¢ NYC,85
"The Salvation Army is rattling the can online, determined to reinvent its biggest fundraiser for the year, amid isolation. | @TiffWarne #coronavirus #COVID19 https://t.co/xwdlEvwHVD",10NewsFirstAdl,"Adelaide, South Australia",181
@jack_sommers @lorraine @jack_sommers just watching you on @Lorraine on ITV1 and want to send you lots of good luck and love. Here's hoping all goes well for you with the vaccine tests and that you keep well and safe #coronavirus #covid19UK #brave #CourageisBeautiful #BlessYourHeart #Goodluck,JackandSallys,Pickering North Yorkshire,293
New Zealand adopts interesting compromise for coronavirus location-tracking https://t.co/Rkordc9giT via @benlovejoy,kennethmac2000,London,115
RT @RoseUnwin: Coronavirus tests denied to people with learning disabilities despite 175% rise in their deaths https://t.co/cMf0fR082n,Linds54,Middle England,134
"If this is treu about #coronavirus
...very very scary! Or fake?

https://t.co/BfecHoaa79",adrichemmen,Westland the Netherlands,88
Maybe frozen wood frogs is the cure for this coronavirus https://t.co/7Kz15PhKqY,pimp_potion,"San Jose, CA",80
India: overtakes China .. is new coronavirus epicentre in Asia Pacific ‚Ä¢ lockdown failing reportedly due to unscientific implementation | May 19 2020 https://t.co/Hx2zlTiOwi https://t.co/QoP2gVXBvb,redball2,K J Hyett | Sydney | Australia,197
Why I‚Äôm ready to start traveling again soon https://t.co/YAOo3A6fhb,wallabycard,"Pasadena, CA",67
"An experimental coronavirus vaccine will go into production at a  ‚Äúrapid deployment facility‚Äù before clinical trials have established whether the vaccines are safe &amp; protect against the infection https://t.co/UbfERlvFZt
It would allow manufacture to begin ‚Äúat scale‚Äù this summer",DecipherAnalyt2,"Edinburgh, Scotland",282
"Employers will be able to make their claims through a new online service from May 26
https://t.co/fjZB64YMIR https://t.co/H6Cafdft8h",OldhamChronicle,"Oldham, England",132
@SabraLane @msbfitzgerald Why didn't your report on China's barley tariff penalty explore Morrison's anti-China rhetoric as the likely cause? Morrison has sacrificed our national interest to support Trump's re-election strategy - https://t.co/a3SpngfHcJ #auspol,Plinyone,Via Gallia Narbonensis,261
"RT @ZeeNewsEnglish: From 100 to 100,000, it took 64 days for coronavirus COVID-19 to touch 1 lakh mark in India
https://t.co/VXmaAeKK9E",sarvadev313,"Maharashtra, India",135
"The Philippine private sector has so far accounted for 66% of the coronavirus testing capacity of the country.

Meanwhile, the government accounted for only 34% of the total tests conducted.

Data from Coronavirus Plan Deputy Chief Implementor Vivencio Dizon, as of May 14 2020. https://t.co/djYznPJ3Uw",ViktorCabuenas,MNL,302
@NixZielinski @DC_Draino That's probably a symptom of coronavirus:),Wysiwyg95660108,Ireland,67
"Just got my coffee ‚òïÔ∏è stock, in case there is a second coronavirus ü¶† wave and lockdown coming. Are 6 packages üì¶ per row enough? üòÖüòá #coffee #corona #lockdown #coffeelover #coffeeaddict #coronavirus #lockdown2020‚Ä¶ https://t.co/4ptJHAQk9c",JACKnSAM_YT,"Salzburg, Austria",235
Living rooms across the country are now experimental design studios - IKEA designs forts for children in lockdown https://t.co/WXjwNMvLHU,studioEASTuk,"Perthshire, Scotland",137
"RT @Daily_Record: Claims rose by 856,000 in the first month of #coronavirus lockdown 

https://t.co/KeEt5dcCne",NeilFindlay_MSP,Fauldhouse,110
"And, it is worth repeating, children do not pose any greater infection risk than other people. -Coronavirus: Irish performance midtable at best in international terms by ‚Å¶@paulcullenit‚Å©
via @IrishTimes
https://t.co/82IG5UCWyf",juneshannon,Dublin,225
RT @TrailMagazine: The latest advice for hillwalkers regarding coronavirus restrictions from @Team_BMC https://t.co/hefRAcxGBf,iamandyjay,"Suffolk, UK",126
There's been a breakthrough in the race to create a COVID-19 vaccine. A US company has conducted the first successful human trial. It's provided a glimmer of hope for a world desperate to end the pandemic. https://t.co/AVvaWLotVs @AmeliaBrace #7NEWS https://t.co/AN1qUlzMED,7NewsMelbourne,"Melbourne, Victoria",273
"The company has signed deals with Swiss contract drugmaker Lonza Group AG and the US government to produce massive quantities of its vaccine.
https://t.co/RV7byI3DIJ",BT_India,India,165
This is what classrooms could look like if schools reopen next month https://t.co/PLwQ2qMzDd,YahooNewsUK,London,92
"#SADCYOUTH Coronavirus Update

The COVID19 cases continue to rise&amp;do you know the symptoms of #COVID19?
‚óèSore throat
‚óèDry cough
‚óèFever
‚óèShortness of breath
If you have these symptoms or are feeling unwell, please inform your Health authorities: Read: https://t.co/e4lycAMBR4 https://t.co/Zzx5BkT8z3",SAYoF_SADC,Southern Africa,302
"RT @lilianeden: @davidicke Hi David, this is interesting  https://t.co/KneBWyLGr5",GirlRacerSian,Somerset,81
"The latest on the coronavirus outbreak with Bobby @bobbyisawake &amp; Stacy @Livviesmomma -
‚úÖDeWine: Bar owners could lose their liquor licenses if they don‚Äôt control their customers
‚úÖExperimental vaccine shows encouraging results
‚úÖTrump taking hydroxychloroquine https://t.co/rAhIv5Wmki",Sunny95News,Columbus OH,287
"RT @RealJamesWoods: And if not, CNN will do everything it can to get us there...  https://t.co/tXG0u7XFKO",CorinnaElite,USA / GERMANY,105
"@WyeLea Agreed 100% Let's face it, we are already in a situation of a severe downturn due to the Coronavirus. The remainer argument about supply chains won't matter as we are already badly affected (for now). So we may as leave as things cannot get any worse, only much better.",JohnTay20995736,"Bromsgrove, England",277
RT @EaterSouls: 72 people test positive for coronavirus after mass lockdown protest in Wisconsin https://t.co/CDzqAt6aAw,PeneCell,"Texas, USA",120
"Joining @SeneddCWLC is Nick Capaldi, Chief Executive @Arts_Wales_. Giving evidence on behalf of the sector, and discussing the support available for people and organisations working in the arts during the coronavirus crisis. https://t.co/YMPGpcgJWY",SeneddWales,"Wales, United Kingdom",248
"US #coronavirus death toll surpasses 90,000
#WamNews
https://t.co/O8RjoaMRyp https://t.co/5ykXRixOa8",WAMNEWS_ENG,UAE,100
RT @washingtonpost: Opinion: Trump is using the coronavirus as a cover to abuse his authority https://t.co/BM331nIelg,OBETTA_KENNETH1,Nigeria,117
One restaurant in New Jersey is turning back the clock and transforming into an old-style carhop from the 1950s and 60s amid the coronavirus. https://t.co/PgsO05h19D,NBCNewYork,"New York, NY",165
RT @nickybligh: What a great initiative for young actors.  https://t.co/9dNPVLgVza,RachelBActor,"Leeds, England",82
BBC News - Coronavirus: When did care homes go into lockdown? https://t.co/p71bwkfZ1W,JLP131,Mother Earth,85
"@GordonGChang @TheresaAFallon @POTUS #coronavirus China gave its backing to an investigation into the origins of the coronavirus but insisted on it being carried out by the World Health Organisation, setting up a clash with the United States, which has lost patience with the body? ¬• Bribery!!!! https://t.co/6sPqKk2XH8",NishTracey,"51.819496,-0.808337",319
RT @msnuk: France sees flare-up of 70 new coronavirus cases after schools reopen https://t.co/091RbRGvXZ,KelendriaBDC3,United Kingdom,104
"Our Spring Job Fair is now being held online because of coronavirus but there are still lots of great roles available in Tameside.

To attend the Virtual Job Fair head to the link below where you can find lots of new vacancies üëá

https://t.co/xDfVK4mhxW https://t.co/vZs9hC2Sqd",TamesideCouncil,"Ashton-under-Lyne, England",277
New lows in Humanity in Bharat circa 2020 https://t.co/k4ybxj040P,dsouza_paul,India,65
AP PHOTOS: Medical students get a first-hand look at medical history being made as they help out a Greek hospital designated as a key coronavirus treatment center. https://t.co/eF9LjYhXbf,AP_Europe,Europe,187
"We did see a aircraft show already. Didn't we? 
#Modi #FrontLineHeroes #healthcare #Doctors #COVID19India #Covid_19 #coronavirus https://t.co/OC5aY6njH3",palash2291,New Delhi,152
"RT @Morning_Joe: How coronavirus impacted one healthy, young runner: https://t.co/W7HH8CEwOm --@MaraGay",EsotericMike,The lost wilds of the mind,103
"turned out negative. Now I don't know what type of test they did but CDC here says there are two types of test. 1) viral test - current, 2) antibody test - if you had previously.
https://t.co/uvQsgkVkLk

I'm using this study for the SK protocol-ish https://t.co/CPuAMK4ASs",perfdanik,Where Wanna One Go,272
"@Ben57825351 @SavantIdiom @batleyell @Nadjdaniela A simple Google brings up plenty of articles but here you go...
https://t.co/10Vd6F4tYs",shotinthedark19,"England, United Kingdom",137
RT @PeckhamVision: BBC News - Coronavirus: Muslims urged to avoid communal Eid celebrations https://t.co/nEfhr03NgU,justspace7,"London, England",115
"Our online CPD accredited course ‚ÄòEnvironmental cleaning during the COVID-19 outbreak‚Äô has been receiving five star reviews. Have you taken it yet? 
https://t.co/UG2qtv5oYn
#coronavirus #Covid_19 #coronavirusuk #Covid19UK https://t.co/xeVPcH8kKz",schulkeUK,"Sheffield, England",245
Dr. Francis Boyle Says #Coronavirus is Biological Warfare Weapon https://t.co/Txr7rzvfUM #BiologicalWarfare #BiologicalWeapons #Covid19 #CrimesAgainstHumanity #DrFrancisBoyle #FortDetrick #HumanRights #Video #Wuhan https://t.co/N7cQxOOdv2,FortRussNews,Los Angeles - Belgrade - CDMX ,238
"New guidelines for employers on #workingsafely during #coronavirus cover 8 workplace settings.

Employers may need to use more than one set of guidance to cover different locations.

See the government guidance here: https://t.co/WTUsHXyXYq https://t.co/XF6SRPtSPX",southeastlep,South East,264
"RT @fayedsouza: Really well put by @arundhatikatju . A must read 

https://t.co/ZLgRqJuSbC",GuideOfRoku,India,90
"Tokyo Olympics officials are incensed that their games emblem has been used in the cover design of a local magazine that combines the logo with the novel coronavirus.
https://t.co/b6dJHFSGKC",HareshDeol,"Kuala Lumpur, Malaysia",190
RT @Kerryactivism: Texas Supreme Court blocks plan to allow mail-in ballots amid coronavirus https://t.co/khTjvitAqC via @nypost,__DJWilson,"Florida, USA",128
RT @SportsCenter: Khabib Nurmagomedov says his father is in critical condition with the coronavirus. https://t.co/UwG6FDtGfx,JensenThaWriter,Philadelphia,124
"Once again The #UKGovernment will refuse to take advantage and learn from other countries. They have been negligent as it is, but this... this cannot happen here now. How can our young children adhere to #SocialDistancing ? It‚Äôs too soon! 

https://t.co/a9NsmB5gJi",Harry_M_H,"Cardiff, Wales",264
RT @nigella_i5e: EU crumbling: Italexit fears a George Soros admits Italy could follow UK out of bloc..... https://t.co/gZZqabw0Im,StuR8,London,130
"Was weird hearing Patel going on about how ‚Äúit‚Äôs been four years since the British public voting for independence from the European Union‚Äù - Brexit is so pass√©, we have the coronavirus now",agirlcalledlina,"Islington, London",188
RT @Jordan9ja: #Jib : Experts Predict U.S #Coronavirus Outbreak Could Be Over By July: https://t.co/wnNpZjFrU1,Jordan9ja,Earth. ,110
"@Officialneha @Officialneha They didn't know what kind of circumstances that can lead this to #coronavirus #ZeroSocialDistancing #PoorManagement #WorseSituation #SpreadAwareness 

Things can be handled in better way if certain measures are taken preplanned.",vishalnickvishu,"Shamsherpur, PaontaSahib, H.P.",257
RT @PatC63316307: France sees 70 coronavirus cases linked to schools days after reopening https://t.co/2Z2aVKl0Lx,DowninJamaica,UK North East,113
'I'm just glad we're able to do something for them': Capital High School seniors honored as the Class of COVID-19 https://t.co/F3Cr1K1cJ6,KTVB,"Boise, ID",137
"Russia reports 9,263 new cases of coronavirus and 115 new deaths over the past 24 hours, raising the total to 299,941 cases and 2,837 dead. There are 7,352,316 patients tested in the country so far.",CoronaTurkeyEN,Worldwide,198
"RT @Nux_Taku: I hope Coronavirus pulls a ""No Game No Life"" and never gets a sequel",HafizHasfarizal,imagiNATION,82
RT @Pun_Starr: I think BJP leaders should most beware of Zee News journalists. Coronavirus can be transferred through boot licking.,paisadouble21,"New Delhi, India",131
RT @liltxhurricane4: Coronavirus aid for undocumented immigrants in California kicks off on May 18 https://t.co/FTRdHr9aOa via @nbcnews,harjitrathore,United States,135
Antibody that inhibits the new coronavirus discovered in patient who had SARS 17 years¬†ago https://t.co/OD56ugBYbP,techworld_news,India,114
RT @JoyceWhiteVance: Follow the money https://t.co/inYdnUGOt2,AndyMcD51129214,France,61
Powerful testimony - Dr Jane Goodall on Coronavirus_ We Brought This on Ourselves https://t.co/USLayKbDdS #extinctionrebellion #climatechange #wetmarkets #bushmeat,Englishabc,"Oxford, United Kingdom",163
The UK Government Coronavirus briefing lineup should Level 5 ever be reached. https://t.co/A9RfwKZsgZ,UNARMOUREDworld,Worcestershire,101
@jack_sommers @lorraine Total selflessness and very courageous sir...I applaud you üëè #coronavirus #vaccine #Covid_19 #Thankyou #Hope,ChrisJMarsden,"England, United Kingdom",132
"RT @JohnWest_JAWS: Unbelievable 

https://t.co/VShsxseeQy",Krys2549,Lytham St Annes,57
Health and care worker COVID-19 testing available across mid and south Essex. For more information please visit: https://t.co/PWNPt1eYq8  #COVID19 #Coronavirus https://t.co/aMWnpvlmTH,MidEssexCCG,"Chelmsford, Essex",183
Important news for small and medium-sized businesses in Lincolnshire here. https://t.co/SbcLOxdN1f,LincsLive,"Lincoln, Lincolnshire",98
Why people think #5G responsible for #coronavirus https://t.co/jloVJuO0G0 via @YouTube,Nerdstudiosja1,"SAN JOSE, CA",86
RT @voiceoftheEast: Five Fresh Cases Of Coronavirus Confirmed In Abia State https://t.co/U6DS4gubmw https://t.co/YWEPJkpZZZ,thisisabiastate,Abia State,123
"NEW: The Government issues an updated response to a Parliamentary petition to say they ‚Äúcannot safely include‚Äù a BSL interpreter in the room for their daily coronavirus briefings ‚Äúwithout potentially putting them and others at risk‚Äù. #WhereIsTheInterpreter
https://t.co/eC3zbS6vJ7",LiamODellUK,Bedfordshire,280
"RT @nousha_mohd: Zee News: Noida's most deadly coronavirus hotspot.@ZeeNews 

#ZeeNewsSealKaro https://t.co/jzi3RbqIQy",AboobakarSaheed,"Mangalore, India",118
@DrHilaryJones If people who receive the vaccine are not exposed to Coronavirus how do we know how well it works &amp; whether the vaccine makes the symptoms worse..? Thank you,Janebcd,Central London UK ,176
"#Uber to cut 3,000 more jobs as #coronavirus crisis rises 

#layoffs #Jobs #lockdown #COVID19 

https://t.co/2tX3WUZxSo",ANN_Newsable,"Bengaluru, India",119
"Cannabis extracts may help to prevent coronavirus, study suggests https://t.co/8kCRJXEIez #CannabisNews #Cannabis",RichardsonNigel,United Kingdom,113
"During these uncertain times, many of us will be worried about how we manage our rent üè† 

We are here to help you
Talk to us üí¨

The following organisations have guidance on how Coronavirus may affect income &amp; benefits ‚¨áÔ∏è

üü° @DWP 
üü† @CitizensAdvice 
üü¢ @YourMoneyAdvice https://t.co/VRhGlbZT4n",CynonTafHousing,"Navigation Park, Abercynon",295
The Government has issued an update on the symptoms of coronavirus - see below. https://t.co/TkkWJgwP1q,lakescollege,"Lillyhall, Workington",103
RT @Partisangirl: Just realise that outside of the US #Hydroxycloroquine is not a controversial drug. https://t.co/mYg3Y3Hw9E,BeingGrateful5,United States,125
RT @Peston: Why didn't the government protect us earlier from coronavirus? https://t.co/RslSSTYnvp,DogLady2020,UnderStairs Cupboard,98
"@lisamurkowski Imagine the difference if Trump Republicans spent as much time on coronavirus as they do Obama, Clinton, and China ‚Äúconspiracies‚Äù. And to top it off, they call the coronavirus a hoax and the ‚Äúconspiracies‚Äù all real. Trump Republicans can fool some once, but now it‚Äôs your life! https://t.co/roOG3rmTrR",KevinScott4all,United States,316
Aged-care homes locked down as Australia reaches grim milestone with 100th death | The New Daily https://t.co/BRg9bv0MW3,RichForrest2,Mornington Peninsula Melbourne,120
"An incredibly inspiring video showing all the efforts that goes into saving lives, pushing boundaries and persisting in spite of all challenges. The great sense of mission and fortitude that is required and drives all of us! #inspiration #Covid_19 #coronavirus #PrecisionMedicine https://t.co/w8coAogWS4",lifebitAI,"London, England",303
"19 new confirmed cases of #COVID19 in the yet-to-be-named firm in Ibadan

Now, this is serious.

My Ibadan people, make una continue to stay safe

#coronavirus",SolihuF1,"Ibeju-Lekki, Nigeria",159
@MobilePunch This is what he has been preaching to his congregation. One of the member in my area that attends the church has been going around telling people about how 5G and not Coronavirus is responsible for what the world is currently battling at this point.,RBenitez85,"Lagos,Nigeria.",262
https://t.co/DG3hrNNIXF - UK unemployment surges to 1.35 million ‚Äì expert expects very quick rise to over 10%,carlaalfredo01,London UK,109
"@hezedgodson @RKRadhakrishn @kv_ramanan @ramyakannan yep, as if they had a telepathy with #coronavirus. d dumbo who said #TamilNadu wud be corona free in 3days n its d disease of d rich is d CM. we stand helpless. we‚Äôve a great duty ahead, we cant simply sit n watch. we #millennials shd form a political movement aiming for CM chair",imthiyasnmajeed,"Basel City, Switzerland",333
RT @washingtonpost: Opinion: Trump is using the coronavirus as a cover to abuse his authority https://t.co/BM331nIelg,2witterbird,Auckland NEW ZEALAND,117
RT @Peston: Why didn't the government protect us earlier from coronavirus? https://t.co/RslSSTYnvp,nilskrone,"Birmingham, England",98
RT @Independent: France sees 70 coronavirus cases linked to schools days after reopening https://t.co/7IjRBagAZw,SlXTIMES,"Liverpool, England",112
"Still sharing #TaiwanModel even though we got no #WHA73 invitation this year. So how does #Taiwan fight #coronavirus? Last but not least, we fight misinformation and issue government announcements. https://t.co/8GYNpBSbHX",digidiploTaiwan,"Taipei, Taiwan",221
"The jokes are amazing. At one point she mocks Arab politicians and religious leaders comparing the coronavirus to homosexuals by trying to use their logic: Corona means crown and LGBTQs say 'yas Queen!' and Queens wear crowns, therefore they've caused the virus.",joeyayoub,3al balcon,262
RT @RTPIScotland: 'A new normal': how coronavirus will transform transport in Britain's cities https://t.co/ORwQQUzWLp,stepchangescot,Scotland ,118
RT @washingtonpost: Opinion: Trump is using the coronavirus as a cover to abuse his authority https://t.co/BM331nIelg,Eurozonian,pro-Federal EuroStates,117
RT @SCIE_socialcare: Thanks to @WrenchKatie for a blog for #MentalHealthAwarenessWeek https://t.co/0kjnFMx6Vz #covid19 #socialcare,WrenchKatie,West Yorkshire,130
"@SenAlexander Imagine the difference if Trump Republicans spent as much time on coronavirus as they do Obama, Clinton, and China ‚Äúconspiracies‚Äù. And to top it off, they call the coronavirus a hoax and the ‚Äúconspiracies‚Äù all real. Trump Republicans can fool some once, but now it‚Äôs your life! https://t.co/O1JprYbxt7",KevinScott4all,United States,315
"RT @lovelightGod4u: @shay_tera I am so sorry to hear of this horrific attack! Prayers are on the way.

https://t.co/eIEDQOZH6P",SpaceForceNet,"USS Frontier, Deep Space",126
Trump is fighting a public health crisis with denial and self-promotion https://t.co/L8FZc93FyG,mason849,London,95
‚ÄòThe Coronavirus Op And Mass Mind Programming - David Icke Talks To Jeff Rense‚Äô on #SoundCloud #np https://t.co/vTkVQH6VCd,Thesearethedamn,Some bloke From Birmingham,122
He already got the coronavirus! https://t.co/48JQnMSpgZ,thetis_benton,"East Point, GA",55
Premier League clubs face checks to ensure coronavirus protocols are being observed #afcb https://t.co/602bHFq3WQ,EchosportDan,"Upton, England",113
"Zee Media newsroom, studios sealed after 28 employees test positive for coronavirus - https://t.co/7gOMyheWw6",qazizaid89,South Asia. ,109
"#CoronavirusUpdates: #COVID19 Cases Rise to 260 as 12 New Infections are Confirmed on Monday
#ChimpReportsNews  #UgandaNews #Uganda #Featured #Coronavirus
@MinofHealthUG @UVRIug @GovUganda @ainbyoo #StaySafeUG #Tonsemberera #Masks4All #M7Address #News
https://t.co/gZOkGKbyyM",ChimpReports,Uganda,275
"#Bihar has reported 1,423 confirmed #COVID19 cases, of which 652 are migrant labourers who have returned home from outside the state. Here's more

#Coronavirus #COVIDIndia 

https://t.co/3zjhhN68dJ",moneycontrolcom,Mumbai,197
Summer unlikely to curb coronavirus pandemic growth: study https://t.co/PUmB0prqoO https://t.co/nUFdyfIuiy,gnnhdofficial,Pakistan,106
RT @RoseUnwin: Coronavirus tests denied to people with learning disabilities despite 175% rise in their deaths https://t.co/cMf0fR082n,rebeccagatward,London,134
"RT @TurkishMinuteTM: Turkey‚Äôs coronavirus cases exceed 150,000, death toll at 4,171 https://t.co/AQUyWjal8E",PRANGELMARMOL,Espa√±a,107
RT @AngrierWHStaff: Who could have imagined that the states who opened early are now seeing record single-day coronavirus increases? ü§¶‚Äç‚ôÇÔ∏è,blessed9forever,"El Paso, TX",137
"Online events are now common, which can help some autistic people, but video chat may be challenging for others. Text chat can be a useful alternative. 
Researcher and community member, Karen Leneh Buckle shared her experience running text chat meetings. 
https://t.co/VJC2UfBI4T",Autistica,UK,279
Coronavirus Florida: Public meetings to resume for Town of Palm Beach https://t.co/Lqmj09QSAm,pbpost,"West Palm Beach, FL",93
"RT @etherealpogues: coronavirus can't kill me because i died when i watched this scene 
#OuterBanks 
 https://t.co/MbWzFbRkrv",lovclymaybank,United States,125
"Virtual parliament was a complete success, so of course it must be ended at once | Tom Peck https://t.co/WOJfJxpIIg",McClumsy84,"Leeds, England",115
RT @97thmonkey: Workplace safety inspections promised by Boris Johnson 'don't exist' https://t.co/BEAbLv1gkP,catnip25,in the windmills of my mind,108
RT @washingtonpost: Opinion: Trump is using the coronavirus as a cover to abuse his authority https://t.co/BM331nIelg,Doerpstroot,Deutschland,117
@CGTNOfficial #Hubei measures the culture and traavel industry #coronavirus üá®üá≥,Isabel21294528,Gijon - Asturias,78
"International #airtravel is starting to creep back, complete with patchy network of destinations, virus tests and quarantines:
https://t.co/TwyqU08YC1
#Aviation #Airlines #Airports #COVID19 #Coronavirus",aeromobix,Kolkata India,202
"Trump says that he has been taking #hydroxychloroquine, an antimalarial drug the #FDA warned could cause serious heart problems for coronavirus patients. He is taking the drug as a preventive measure and continued to test negative for the #coronavirus. https://t.co/8r9m9uYYXh",QmAn_2005,Global,276
Brilliant video. Happily #Finland hasn't skated across thin ice without due attention to the cracks in its #coronavirus strategy https://t.co/4D5iqZfQCZ,MarkofDartmoor,Dartmoor,152
"Wow there's a lot of rich people caring about poor people all of a sudden...

Almost as if they want us to go back to work because they're seeing their wealth dissipate. 

#lockdown2020 #coronavirus #Covid19UK",DaveOfYork,"England, United Kingdom",209
Commentary: Past pandemics changed the design of cities. Six ways COVID-19 could do the same https://t.co/EdJWLMXdtB,MaoiliosaRey,Ireland,116
"RT @MiamiHerald: Florida‚Äôs COVID-19 website guru blasts bosses, hints at data suppression. https://t.co/16sva7VeW0",Karenknowsbest,England,114
Australia and China spat over coronavirus inquiry deepens https://t.co/2dfTxGdWWE,hamsoon,Qatar,81
"China stole a patent from a US company conducting trials in Wuhan the early days of the outbreak. China/CCP spread the virus, they should be liable for damages. Not only free vaccines, but more.

(I doubt China's vaccines will work tho lol)

https://t.co/Gcxyw3kC1O",auzah,Iloilo City,265
"BMJ damns UK government for mishandling coronavirus outbreak and ignoring science.
Too damn late now, the damage has been done and the human cost is high.

https://t.co/HKnPHrN6uW",karl_trotsky,Somewhere to the left.,179
RT @Pun_Starr: I think BJP leaders should most beware of Zee News journalists. Coronavirus can be transferred through boot licking.,alamdar1961,"Injambakkam, Sholinganallur",131
@suchetadalal @DeepikaBhardwaj This confirms that Mahindra has made Ambu Bags. https://t.co/DrJx4LphVE,ambar_hitman,Parts Unknown,102
Trump threatens to keep WHO funding freeze in place after White House probe on early coronavirus failures https://t.co/tv37xsLtE4 #FoxNews #CNN #MSNBC,cybergenica,"Brooksville, FL",150
"#Democrats have a plan for the #coronavirus that was started in the #UnitedStates in 2019 with #Republicans in control. #JoeBiden is the answer. 
#TrumpTrialForCoronavirusDeaths

#NancyPelosiAmericanHero https://t.co/fCvREjKzVj",trumpdumpcare,United States,227
"#Oregon coronavirus restrictions kept in place, for now - May 19 @ 4:15 AM ET https://t.co/Pv8sry0tR1",PulpNews,USA,101
"Saturday Sunshine Drenched Beltzville Park
Friday was the first day coronavirus lockdown orders were lifted at Beltzville State Park in Carbon County, 54 miles north of Sanatoga. By Saturday, plenty of people were enjoying sunny time there.
https://t.co/fUDunSAyCl https://t.co/DjQoTFguiJ",jzlomek,Sanatoga PA,288
"RT @wellbeingvenues: How has lockdown changed Yoga?

https://t.co/R0rgINZmYF

#yoga #coronavirus #onlineyoga",LohasTopStories,"San Francisco, CA",108
RT @Isabel21294528: @CGTNOfficial #Hubei measures the culture and traavel industry #coronavirus üá®üá≥,CoronaVirusCall,North America,98
"@Ericyip77316500 Past vaccines took many more years to develop. 
According to scientists, SARS-CoV-2, like other coronavirus, doesn't mutate as much. But, doctors found it dangerous and intractable. It can attack anywhere in the body w. devastating consequences.",BauJosephine,Active fr Oct'19 #STOPCovid19,262
"""The pandemic has taught us the importance of preparation""

""Perhaps the upheaval of #COVID19 can inspire us to take much-needed preventive action for the #climate, biosphere &amp; humanity""

‚Äî@KaiChanUBC, @IPBES #GlobalAssessment lead author
via @globalnews

https://t.co/CbtlUF8GJd",IPBES,"Bonn, Germany",283
"RT @alanmaddison20: After opening from the11th May, a reported 69 french schools have now closed after detecting Coronavirus infections.",Labcold,"Basingstoke, RG24 8WF, UK",136
"Moderna's #coronavirus vaccine candidate is starting to show the first signs of an immune response of the same level as natural infection.

https://t.co/66z3ZXdvWm",stpancrasclinic,"London, England",163
How Kickstarter Creators Are Coping with the Coronavirus ‚Äî Kickstarter CRYPTO CRYPTO NEWS - https://t.co/dyibqUd8lp,CryptoCryptoNe3,Planet Crypto ,115
"https://t.co/N98sqEULg2 
Finally watched #ChernobylHBO one word: #brilliant.  Reminds me of how #Trump &amp; other governments‚Äô handling of the #coronavirus is similar to Chernobyl‚Äôs. Discrediting scientists, spinning lies &amp; misinformation for the sole purpose of staying in power.",Fertabs1,"Washington, DC",285
Private firms working for the public good in coronavirus outbreak https://t.co/YyQPKQZqb7,InvCourier,"Inverness, Scotland",89
RT @ProfBambra: The Sage advice must be published now to find where Britain got coronavirus wrong https://t.co/Z2aKbEgmCt,2ndReferendum,Yorkshire and The Humber,121
"The organisers of Great Yarmouth‚Äôs largest #summer #festivals are announcing the unavoidable cancellation of their #events this year, to help protect public health and safety in response to the continued #coronavirus threat. #StayAlert #ControlTheVirus #SaveLives https://t.co/nIMwaulM6Q",greatyarmouthbc,"Great Yarmouth, England",287
RT @Peston: Why didn't Boris act sooner against coronavirus? | The Spectator https://t.co/nNpSR8JxTj,Soupmaman,"England, United Kingdom",100
"Hmmm...
California churchgoer tests positive for coronavirus one day after service; 180 exposed https://t.co/pKgxIFJOtp via @nbcnews",DavidGMcGreevy,"East Village, NYC.",132
RT @brawday: PM lining up civil servants to take blame for coronavirus response https://t.co/G1c2EjIqyn,BartBlack1,"Scotland, United Kingdom",103
"RT @dsue1441_re: Robert De Niro calls trump a ""lunatic"" who ""doesn't care"" how many people die from coronavirus https://t.co/LBDu2ujeYF",dudlypaul,England,135
RT @washingtonpost: Opinion: Trump is using the coronavirus as a cover to abuse his authority https://t.co/BM331nIelg,KarlieInCali,California,117
RT @piersmorgan: Shameless &amp; shameful. The only thing this Govt threw around care homes was the coronavirus. https://t.co/eDSZyjNGbb,Alacoque6,"England, United Kingdom",136
The latest HUB News Daily! https://t.co/GVEQCoHTIp #coronavirus #sme,hubworkspace,North East,68
"RT @i_theindian: Zee News: Noida's most deadly coronavirus hotspot.

#ZeeNewsSealKaro https://t.co/EQguBVKH0X",ShaikWali14,"Bengaluru, India",109
"RT @Pumpkinz16: No government could have been completely ready for the pandemic, but taking the public for fools has destroyed all trust‚Ä¶",Quintsharktours,Wigan,137
"Amazing research going on üåø Come on UK!!
#broadiessupplements #CBD #coronavirus
https://t.co/5QAAXhkkBy",BroadiesS,"South West, England",103
Why is this not main @BBCNews All they keep banging on about is Denmark which was completely on top of the coronavirus. France have closed 50 schools that reopened after 1 week already https://t.co/LjHojrphIP,Sammyb01,"England, United Kingdom",208
RT @Q13FOX: Judge rules that Oregon virus restrictions are invalid https://t.co/7EEG1o2Qg5 https://t.co/jqolflHd7n,daveskow,Movement Mortgage - Seattle ,114
Covid-19 Impact: Canada's Privacy Commissioners Outline Guidance For Governments And Developers Of... https://t.co/OVXG8RTipG,LawNewsCanada,Canada,125
RT @fthealth: How coronavirus is exacerbating gaps in school provision https://t.co/2LswylNPJ9,ChrisGroomb,United Kingdom,94
"For tips and ideas on how to look after your mental health click on the resource pack below: 

https://t.co/4yuoCgYwnC",ActiveSchoolsED,Edinburgh,118
"@moreelen Time to sacrifice the shower curtain:
https://t.co/HRiyVXlOzc",sdp,London,71
#LegendsCasino pushes back #reopening to #June7 https://t.co/s1Gz5dEC79 via @Yakima_Herald,HOCRadio,"Princeton, NJ USA",90
Australia has reached a grim milestone; our 100th death from coronavirus. 93-year-old Alice Bacon passed away this morning at Sydney's Newmarch House. She is the 19th resident to die and her grieving family says it should not have happened. https://t.co/6iNboeyc4R #7NEWS https://t.co/HsdAQsoJbA,7NewsSydney,Sydney,295
"@Ilhan Imagine the difference if Trump Republicans spent as much time on coronavirus as they do Obama, Clinton, and China ‚Äúconspiracies‚Äù. And to top it off, they call the coronavirus a hoax and the ‚Äúconspiracies‚Äù all real. Trump Republicans can fool some once, but now it‚Äôs your life! https://t.co/1JcJjJvArc",KevinScott4all,United States,308
"#LastWeekinAI -  #AI chatbots gaining traction amid the pandemic, #AIEurovision contest has a winner and more  üîΩ
1. @techreview: https://t.co/fdqrL2OWR5
2. @verge: https://t.co/itorCIWGAP
3. @BBCWorld: https://t.co/L7wvlIgiSo https://t.co/NCe1PNO9Ow",BohemianAI,"Prague, Czech Republic",249
RT @shammybaweja: ‚ÄòRobbing the living and the dead of basic dignity‚Äô  https://t.co/WW0zXOGCcu,adilnomani,INDIA,93
"Something for everyone. 
‚ÄúPolitics in America: My Offensive views on Abortion, LGBTQ, Sharia Law, 5G, The Death Penalty and‚Ä¶‚Äù by Mark Scofield https://t.co/iqljhyRF0j
#COVID19 #coronavirus #thebadinfluence",SalsaReuben,New Zealand,205
BBC News - Coronavirus: Delirium 'may be common' in Covid seriously ill https://t.co/p5G3tEX6RA,Le_kafe,The Milky Way,95
"Blanquer did not specify if the 70 cases of COVID-19 were among students or teachers.
https://t.co/0jPSR4yR9j",bhimnnkd,World-human universal family,109
"China‚Äôs Unrestricted Warfare Could Lead to Collapse in One Year https://t.co/9BKOrZiF8Y via @YouTube
#CCPvirus #WakeUpAmerica #ResistTyranny #StandUpToEvil #COVID19 #Coronavirus #NoWorldOrder #SpyState #ContactTracing",PplOppsngTyrnny,"Providence, RI",217
Phone calls offered to older adults staying home during coronavirus pandemic https://t.co/Kc6xLZaW2h,wcnc,"Charlotte, NC",100
"@ai6yrham forced to have implanted microchips by Bill Gates."" Change the subject from coronavirus to whatever other subject and you will find people in psych wards across the USA hospitalized for saying very similar things. We call this paranoia and delusions. It is a significant mental",kingsfan42700,United States,287
"As the first tragic images of the UK‚Äôs coronavirus victims began to emerge, it quickly became evident the lives being lost were disproportionately those from black, Asian, and minority ethnic (BAME) communities.
 https://t.co/SHGWxKjAWo",BPF_UK,United Kingdom,236
".@matthewsyed on effects of groupthink on UK gov Covid-19 planning:

""It is easy for groups to become fixated on one aspect of a fast-changing situation, thereby missing others... A defective judgment is made because...""

1/2
 https://t.co/lpMmUhKGtj",DanHarley3,"Glasgow, Scotland",250
RT @JoyceWhiteVance: Follow the money https://t.co/inYdnUGOt2,oprman,Germany,61
"ON AIR: ZAMAJOBE / Adding value to lives daily .Talk to us on 0208 90 2121 HELLO@FANTASTICRADIO.CO.UK #FANTASTICRADIOUK #HOMEOFPOSSIBILITIES #BELIEVEYOURPOSSIBILITIES #STAYHOMESAFELIVES https://t.co/bE4hgti6fx 
 Buy song https://t.co/xR9WS7JEu9 https://t.co/TH58a8uAeE",FANTASTICRADIOO,Harrow Wealdstone NW LONDON,268
Coronavirus: Isle of Wight contact-tracing app trial - a mixed verdict so far. That‚Äôs what you get when you think you‚Äôre superior to leading software companies. #ContactTracingApp #Covid_19  https://t.co/31oluE9h74,TimWilliam5,"Chester, England",214
"@TNMilitaryDept Imagine the difference if Trump Republicans spent as much time on coronavirus as they do Obama, Clinton, and China ‚Äúconspiracies‚Äù. And to top it off, they call the coronavirus a hoax and the ‚Äúconspiracies‚Äù all real. Trump Republicans can fool some once, but now it‚Äôs your life! https://t.co/PuU0Kw36q5",KevinScott4all,United States,317
#CayugaNation #reopens its #casino while others in #NewYork remain closed https://t.co/LvK9BBsFpg,HOCRadio,"Princeton, NJ USA",97
The UK studies nicotine and the Ooni claims a coronavirus cure on this week‚Äôs selection of #covidworldvscovidng https://t.co/GpCHvqdhz9,PublicEyeNg,"Lagos, Nigeria",135
Seeing a report on my local bar in #morbegno reopening made me emotional. Oh to be there with a frozen Bitter Campari or six right now. #coronavirus #valtellina #imback,RiccardoTonell1,United Kingdom,168
‚Å¶@jonburkeUK‚Å© ‚ÄúIt is very important that we democratise these spaces so we need to see these mini-Holland type initiatives in the most deprived areas and more prosperous neighbourhoods ‚Ä¶ good stuff for everyone must be our mantra.‚Äù üëèüèºüëèüèº https://t.co/wH3AubzNlj,plasticfreehkny,"Hackney, London",260
"RT @jacquep: US lockdown protests may have spread virus widely, cellphone data suggests https://t.co/ozL4t43x5H",charlottethomp5,London,111
RT @AP: Oregon Supreme Court halts judge‚Äôs order rescinding state's coronavirus stay-at-home restrictions. https://t.co/H1CjCPX6Ei,janesherd," Another Dimension, USA",130
RT @Pun_Starr: I think BJP leaders should most beware of Zee News journalists. Coronavirus can be transferred through boot licking.,AjaySingh1802,"Bengaluru, Karnataka",131
Second https://t.co/R7Yzduz9J5. Corrections Officer Tests Positive For Coronavirus https://t.co/0JEK8Vksvc,Angelring101,"wilkes barre, pa",106
The Trump Administration Is Rushing Deportations of #Migrants Children During #Coronavirus #COVID19  https://t.co/CABU0Ahlmz,kmcgahan,Singapore - usually,124
"‚ÄòThe Morrison Govt‚Äôs refusal 2 extend JobKeeper 2 unis is having real consequences - regional campuses closing, hundreds of jobs lost. They could fix it with the stroke of a pen‚Äô

Staff accept voluntary redundancies as CQU struggles with $116m loss https://t.co/UbgnCuiVky",ShiannonC,"Brisbane, Queensland.",272
I don't think that 'let them pick spuds' is a particualatly good luck. The nasty party goes back to type here as minister says there are plenty of jobs. https://t.co/X8FOnEpKg1,robjg,Norwich,176
"""The police, not the coronavirus, killed my son""-father of Mohammad Rizwan, whom policemen allegedly beat up while he was trying to buy food, who died on Saturday.

Link for the full article in the Telegraph India...

https://t.co/QXpHaF0nup

#HumanRights",J_Thanuj,India,255
"India coronavirus cases surge past 100,000, deaths top 3,000 https://t.co/XfhuqZpbNv",afridijalil,"Washington, DC",84
‚ÄúThe world‚Äôs third-largest economy shrank an annualized 3.4% in the three months through March from the previous quarter as exports slid and social distancing crimped consumer spending..‚Äù https://t.co/ekjZkTfx3B,JosephCataan,Manila,211
#BREAKING: There are now 100 deaths in Australia due to coronavirus.,SydneyAlert,Sydney,68
Include the true value of nature when rebuilding economies after coronavirus https://t.co/KTmmjtHZcg,lemes_f,UK,100
"Keeping in touch with employees working from home during Coronavirus pandemic is so important for mental health. Provide opportunities for keeping in touch - maintain contact and a team spirit.
#HR #MentalHealthAwarenessWeek https://t.co/SOdqTuSKoA",CharltonHR,Cheltenham,248
"SOMEBODY WAS LISTENING ABOUT #CORONAVIRUS:

14
#TuesdayThoughts https://t.co/zrFPxnN0QQ",TomthunkitsMind,"Atlanta, GA",87
@sheencr Found this useful summary of research conducted and peer reviews on them too https://t.co/O71mYFFa5z,ClaireTTweets,Manchester & North Wales,109
RT @washingtonpost: Opinion: Trump is using the coronavirus as a cover to abuse his authority https://t.co/BM331nIelg,MyGrannyTheGeek,Global Resistance,117
RT @NTynesideNASUWT: Gavin Williamson under fire over free school meal cuts during coronavirus outbreak https://t.co/7vJSNHqsO7,COWIEKIM,North East,127
RT @washingtonpost: Opinion: Trump is using the coronavirus as a cover to abuse his authority https://t.co/BM331nIelg,nspeaks,Hell,117
"RT @LeVostreGC: Sorrye to share bad newes, but thys ys bad newes. Ther must be some waye to helpe.
https://t.co/BN843mdMLo",conifer_benema,"Eustace, Tx",122
"Do not #self-diagnose . It gives you a false sense of #Security 
#coronavirus https://t.co/eroFAlJddY",LyndaLindadavis,United States,101
"Wolves extend 33-year-old English goalkeeper John Ruddy's contract by a further year. (Birmingham Mail)

Watford's English striker Troy Deeney fear Premier League players will face a public backlash over mass testing for coronavirus. (Good Morning Britain via Evening Standard)",Omo_West12,Lagos 08181338115. 07069542188,277
"Coronavirus is actually a gift to mankind, because it has gifted us God. It made us realize God. It has made us realize that there is a power beyond us. A power beyond human comprehension, that governs our destiny. This power is the devine power we call God. 
1/2",NadeemS52421195,Jammu And Kashmir,263
"RT @spectatorindex: JUST IN: Worldwide coronavirus death toll reaches 320,000",GuzzlersInc,Bangalore - Chennai - Trichur ,77
"RT @Bijan63: Brilliant cartoon:
#Trump gets tested. 
There's nothing there.  
#Coronavirus https://t.co/c6iUjz6EL0",masterprogram1,the four corners of the Earth.,114
@JamesMelville @FreeSpe84593309 Fight Coronavirus before Brexitvirus.,Ybretsae,Only my thoughts .  Germany,69
"RT @smallcappick: #N4P #C4XD #IQAI 
Coronavirus: Moderna‚Äôs US vaccine first trials show immune response https://t.co/2vy25EMqEY",Chaser521,"Wolverhampton, England",127
"https://t.co/sF7lZQaFjJ
U know love WE ARE PROUD! 
U KNOW OF WHAT?OF YOU. 
We loved a GOLDEN-HEARTED Man‚ù§
We kept faith in you that my Dev will change the so called definition of politics! You haters r praising the MP DEV! What do we want more? @idevadhikari ‚ù§Go ahead love‚ù§üôè https://t.co/U60NCb3Lh9",Ishita28feb,"Kolkata, India",299
"What country would accept British holidaymakers when we are rife with Covid19 and no proper testing. 

https://t.co/285JQNwkwJ",nikpet1,"West Midlands, England",126
RT @washingtonpost: Opinion: Trump is using the coronavirus as a cover to abuse his authority https://t.co/BM331nIelg,11111hiromorinn,Êù±‰∫¨  Tokyo Japan,117
"SDO Wants COVID 19 Patients Out Of Private Hospitals 

Private health establishments in Douala have been given 72 hours to transfer all coronavirus patients in their keeping to health establishments earmarked by government to host COVID-19 patients accross the city.",Mimimefo237,London United Kingdom,266
RT @medical_xpress: Coronavirus infections may lead to delirium and potentially PTSD @uclnews @TheLancet https://t.co/oXcLalsaIJ,qualityisarul3,@On tHe wAy,128
"Zee Media newsroom, studios sealed after 28 employees test positive for coronavirus - https://t.co/b6Knph0T1q",FreePressK,Kashmir,109
"@LizzieStokes1 Hi Lizzie, the latest available information is available here: https://t.co/2MF5bOjtFk. However, we do have a dedicated helpline that will be able to clear this up as the guidance may not that specific. Thanks, Anas",HMRCcustomers,UK,230
RT @Jordan9ja: #Jib : Oh No! 3-Day-Old Baby Dies After His Mother Contracted #coronavirus Before His Birth: https://t.co/l8k6RX9dD2,Jordan9ja,Earth. ,131
"UK wrong to rule out global coronavirus comparisons, experts say https://t.co/RpS5cjYAa4",germanacanzi,London,88
